name,rmse,mae,r2
Linear Regression,2071.9691115992377,1603.884,0.7309826405333271
Ridge (alpha=10),2009.857573622198,1568.1090944896464,0.7468695929870903
Random Forest (n=300),2099.161345111,1660.2670563333331,0.7238752135589875
